"","baseMean"
"GPFGEMDG_00363",49.6327596248342
"crr_1",40.0847136004495
"ldhB",37.3325289231621
"lrp",44.1392447171002
"purS",29.064008367275
"cinA",41.2344073368651
"puuD",24.2505340186486
"pstB3_1",23.2935126705658
"GPFGEMDG_01798",43.232617150646
"niaX",21.4556292135381
"GPFGEMDG_02562",20.9795875708407
"ldh",20.2087783488739
"tadA_2",20.0540175309507
"recR",27.8120959438476
"abfA_1",36.4628148780213
"GPFGEMDG_00237",18.8199241444306
"oppB",18.6656624711156
"hpaIIM",21.2896089214202
"GPFGEMDG_01802",18.268735627382
"dus_2",18.5920760809639
"GPFGEMDG_02087",16.8906017212959
"GPFGEMDG_01518",16.6520333594721
"sorA_2",16.4340989720717
"yvcJ",16.3517373713906
"GPFGEMDG_02620",21.3404699364108
"rimI_1",49.3244048089879
"GPFGEMDG_00680",14.6080879751749
"pspB_1",40.6681140021253
"pdp",35.0871091046808
"pheT_1",13.1122422317754
"ywnA",12.1734066459791
"dcuR",12.3255742290538
"GPFGEMDG_02544",39.8938208330981
"purQ",480.789941294898
"pyrF",251.816874110205
"GPFGEMDG_00044",200.872660838332
"mrp",164.749229334862
"msrA_2",134.217500412593
"pyrC",90.9198734891655
"gtaB_2",69.4254283482487
"mngR",80.2072210658974
"GPFGEMDG_00417",67.5404343892877
"yteT",52.9159332043733
"GPFGEMDG_01077",52.8270020433198
"metP_2",67.0840178887122
"GPFGEMDG_01671",63.4857819682882
"GPFGEMDG_01636",46.9534822100243
"GPFGEMDG_00606",47.2843273190493
"azoR",56.3844432544501
"fpgS",44.2697907551853
"ettA_1",43.7745904037623
"GPFGEMDG_00681",46.4860143120802
"purA",1920.91935517783
"GPFGEMDG_02359",37.3822751893084
"thiD",37.2308086106985
"manX_4",30.4344756696487
"GPFGEMDG_02298",28.4574321252163
"axe2",39.7574133762917
"GPFGEMDG_02579",27.609384818952
"treA",51.3366022031686
"iscS_2",26.0301593494965
"GPFGEMDG_02840",22.5489343753659
"nox_1",21.8832481807694
"rlmL",21.2364419899908
"bcr",29.0710975829052
"ctc",19.3964733658768
"purR_2",26.5095274135462
"dtpT_2",37.7784525457432
"ybhL",15.5695657469056
"lacC_2",33.2670691796498
"GPFGEMDG_01720",13.4186714881652
"cfiB_2",31.8056010725136
"GPFGEMDG_00194",33.6716833147905
"GPFGEMDG_02383",11.2611021519954
"pbuO",10.9935754217874
"pdhB",23.7484815146468
"GPFGEMDG_00406",10.0430604829327
"gatB_2",9.87274709216034
"glyA",24.1693404057014
"pyrDA",81.739048440767
"GPFGEMDG_01267",8.97788740140955
"GPFGEMDG_00982",30.4021428475211
"GPFGEMDG_02302",8.7301922467135
"agrB",13.318698956161
"rppH",35.0354791133321
"gla",8.52138465218534
"GPFGEMDG_02659",8.40685179313152
"GPFGEMDG_02826",40.8740941495567
"aroK",17.1495322610633
"ahpC",12.6976995692287
"purC",980.031902084631
"GPFGEMDG_01750",6.08670332298953
"mazE",6.08670332298953
"GPFGEMDG_01051",17.6379096984657
"phoR_2",5.62782272464025
"purD",953.036445822785
"purH",764.238687740513
"manZ_5",2918.27342343481
"efp",4.5745301359584
"dgaR_5",11491.0941573732
"fabF",33.82290285428
"cshB",5.41762262803298
"yxdL_1",3.49985441071898
"GPFGEMDG_00438",51.8235686469078
"guaB",1715.75683233239
"sorA_3",6663.9187049338
"carA",99.1533048055388
"polC_1",3.1729465910495
"lexA",4.19401259188317
"metG",3.04335166149476
"GPFGEMDG_01992",21.1047450715413
"addB",2.90068672213628
"GPFGEMDG_01601",2.89118407842003
"ysdC",15.1061950718329
"yclQ",62.2792799560845
"ptsI",301.535393792271
"GPFGEMDG_01598",12.6627784882038
"oatA",3.63560418758062
"ltaS1_2",13.864252864906
"ywlC",2.28251374612107
"carB",183.63289198155
"pyrK_1",815.449265736887
"purL",668.530375756565
"GPFGEMDG_02619",1.61670226790991
"zosA",1.52167583074738
"glnQ_1",72.4957784203785
"GPFGEMDG_01580",12.2978743178043
"GPFGEMDG_01301",76.3752989063928
"icaR",20.7616097331466
"rpoN1",407.205555989202
"proX_2",3.7898684358487
"yecD_1",479.546257735508
"GPFGEMDG_02850",113.209264884369
"GPFGEMDG_01942",14.2001687670564
"ugl_2",43.361062005107
"GPFGEMDG_01669",145.680541129009
"yxeP",78.2211454880555
"murA1_1",12.5618320904726
"mtlF_1",13.12147603565
"GPFGEMDG_00666",44.3628926501944
"GPFGEMDG_00771",32.1834218971926
"yjhB_3",58.4893566067808
"misCA",407.139043924877
"GPFGEMDG_01223",256.320712817058
"lacL",79.7565910341287
"gdpP",123.208038376102
"ybiT_1",12.2131496436746
"npr_2",64.9238575143057
"arlR_1",110.397726654298
"prs2",56.9279337380267
"gpmA_1",83.4516780332567
"rlmA",189.690804001214
"lacD2",80.7723980359401
"GPFGEMDG_01915",69.7465760248333
"mro_2",54.2215314686937
"ctpE_1",2.73128444400114
"ackA",24.1024631006953
"GPFGEMDG_00736",161.299311705063
"dinB_2",336.382786661813
"araC_3",53.0042153211635
"GPFGEMDG_01784",212.285000827443
"GPFGEMDG_00830",166.906542333558
"pezT",55.632108977918
"GPFGEMDG_00772",345.341134362322
"GPFGEMDG_02839",142.282781239305
"GPFGEMDG_00732",104.745412044307
"GPFGEMDG_01213",1.93335164942389
"hssR",234.051530207397
"GPFGEMDG_01510",89.5035821422815
"brnQ_1",972.413740061447
"ulaD",20.8786102220109
"GPFGEMDG_02047",74.3480655370432
"ydfK",125.112273381872
"feuC",278.111345979512
"mfd",225.522984313048
"GPFGEMDG_02828",92.1800011230909
"spxA_5",68.5411258897203
"dcuS_2",47.8237859310218
"sfsA",95.6465047198586
"mccF",169.779871195971
"bceB_1",129.000515598548
"ywpJ_2",157.251838823207
"mazF",125.431192529329
"rpsA",240.609714321958
"murF_1",18.9201935187222
"GPFGEMDG_01423",44.2676309191038
"GPFGEMDG_01339",96.4782701870965
"GPFGEMDG_02814",111.832089339514
"GPFGEMDG_01379",110.920610684955
"GPFGEMDG_00709",64.4854584405198
"ywqE",3.20353057723591
"yhdG",626.777332074203
"GPFGEMDG_02800",95.9757818081397
"bioY2",1376.52951616428
"ykoD",34.6271338116687
"czrA",493.341477214411
"rluD_1",84.0852623796372
"GPFGEMDG_01872",58.8569142948432
"feuB_1",57.8562889719338
"GPFGEMDG_01629",66.0815774793431
"GPFGEMDG_01989",161.906466985092
"pehX",27.4034938475928
"GPFGEMDG_01606",269.795214666993
"GPFGEMDG_00646",325.625866759839
"gpmA_2",161.46446461843
"sugE",161.008545704445
"GPFGEMDG_02856",46.5822306531397
"GPFGEMDG_00087",30.2139065512443
"glpO",335.055148984498
"GPFGEMDG_00751",69.490561339012
"aroF",122.392504571848
"msrR_2",104.158240376436
"betI",275.076049556262
"GPFGEMDG_02478",1051.72685906997
"GPFGEMDG_02557",437.846365378048
"gap_1",444.174505544936
"pnp",8.58688964171866
"GPFGEMDG_02460",66.5092385312442
"gbuB",600.894074073052
"nrdG",200.251015434421
"trmL",465.491251338133
"GPFGEMDG_02858",358.484053450895
"GPFGEMDG_00278",143.628731558504
"oppD_2",301.186958264638
"mprA",12.0253588448128
"GPFGEMDG_02080",55.7415201663695
"rsmI",393.197403889814
"pgl_2",39.462749620055
"menH_1",8.91646085482761
"GPFGEMDG_00190",86.6171740590497
"queT_1",109.557436868321
"ugl_1",464.370093822621
"GPFGEMDG_00286",239.365158656385
"fcbA1",1297.8588844597
"padC",704.720356571321
"epsN",66.4763385069604
"GPFGEMDG_00533",964.088982398799
"GPFGEMDG_01308",26.8482948356061
"GPFGEMDG_02530",26.1326736172999
"gshAB",252.199125790681
"GPFGEMDG_02771",465.27594644614
"GPFGEMDG_00910",148.326511807575
"rimI_2",74.2327372637014
"rodA",3.72795293550306
"GPFGEMDG_02870",285.067758291246
"GPFGEMDG_01555",210.252466847076
"mgtE",828.072011824999
"GPFGEMDG_00452",77.7241146835541
"gbpA",21.2938085698977
"GPFGEMDG_02352",136.871691977194
"cycA",226.721581697357
"znuA_1",85.5796746335203
"GPFGEMDG_02338",79.5024943226782
"artM_2",439.528489710662
"yifK",726.654034995721
"GPFGEMDG_02570",45.4139261288623
"gpsA_2",377.059796939825
"lgt",21.6486867481629
"GPFGEMDG_01346",8.92840709300012
"rihB",7.82324045233075
"glmU",5.6592724497578
"GPFGEMDG_01716",3.60415037423994
"GPFGEMDG_01582",3.47629915975234
"GPFGEMDG_02859",1220.85655267019
"GPFGEMDG_00195",843.234252887047
"gno",3.80327893414455
"araQ_3",158.91636662434
"GPFGEMDG_00174",1785.22739623327
"GPFGEMDG_01738",203.446078660195
"topB_1",663.840672727885
"cysM",210.957592619497
"agaC",136.160707919333
"yckB",751.979729651351
"pphA",2187.69927898072
"GPFGEMDG_01635",216.035060639742
"yoeB",467.768364252907
"glcR_2",3397.15714663065
"GPFGEMDG_00019",614.698471163148
"rbsD",174.406690569503
"pepC",161.560315236248
"aes_2",114.688095350981
"GPFGEMDG_02801",152.22217882206
"deoB",13.0885963824985
"rpsF",148.507200085626
"GPFGEMDG_02567",131.431671651279
"purB",782.615357438807
"rbbA",176.914995114001
"dcuS_1",48.1041581137908
"gadC_2",489.621420581965
"GPFGEMDG_00697",1112.88237984495
"GPFGEMDG_00871",579.880472226526
"GPFGEMDG_02660",52.6781174192192
"garK",5387.00874198577
"GPFGEMDG_02807",723.307348153186
"immR",867.044967504519
"pspB_3",100.797755250031
"cmpD",260.50652318216
"ulaA_2",311.43899089103
"GPFGEMDG_01362",52.4590161176407
"GPFGEMDG_00296",37.3755242213806
"yxdL_2",333.455473214881
"GPFGEMDG_00240",164.177029613904
"GPFGEMDG_02380",788.67055707762
"dppC",107.442864461669
"GPFGEMDG_01966",256.045821439505
"albF",4216.30579511711
"ecsA_2",155.51111270591
"yigZ",1455.8794638077
"mngA",58.8468350266521
"ubiE_1",195.809978902727
"uvrA",968.653861976689
"GPFGEMDG_00532",95.9888931604202
"GPFGEMDG_00180",1592.0903299924
"yciC",338.104003665836
"vraR",34.2706589063598
"GPFGEMDG_00171",28.7730431225095
"pglF",133.61346842134
"ybaK_1",123.030273806799
"GPFGEMDG_01691",2167.25024415949
"yidA_1",317.180615206688
"GPFGEMDG_00689",595.294935450739
"GPFGEMDG_02081",19.3307838609134
"chvE",1130.4202384929
"copB",223.33476665899
"GPFGEMDG_00957",64.3657134546171
"lepA",80.3634389682906
"GPFGEMDG_02718",153.179149909496
"yidA_2",26.3463461350387
"GPFGEMDG_01450",183.862289202598
"mltG",144.134142206644
"rsmA_2",193.254450343047
"GPFGEMDG_00860",60.4646898725552
"rbsK/rbiA",117.610887549551
"GPFGEMDG_00398",199.997774498422
"fruA_4",631.211228995425
"sorC_1",314.994865561128
"GPFGEMDG_00907",16.5912491351965
"GPFGEMDG_00996",578.742409322284
"mntB_1",139.327637986003
"citS",264.555317433952
"prkC",1584.80113452085
"rho",38.3045503059866
"arsC",119.83794193909
"pstS1_2",194.705220940604
"mro_1",515.294093685694
"tee6",2134.65188935101
"manR_1",2282.68841631792
"GPFGEMDG_02269",189.708858321769
"GPFGEMDG_02837",1213.25851410686
"GPFGEMDG_00970",1570.35289156959
"ssb_2",699.395547003218
"adaA",1070.64541541891
"GPFGEMDG_01977",152.322835262979
"afr_2",2142.3101399892
"GPFGEMDG_00636",214.828189205224
"ydcP_2",476.794868051448
"GPFGEMDG_00615",608.666904447153
"rex_2",1167.17137636575
"yknY_1",597.469261584057
"GPFGEMDG_00601",733.546727506626
"GPFGEMDG_02085",181.45225886214
"pbuG",24.1710565089223
"corA_1",1011.42005878621
"GPFGEMDG_02287",6392.91703097197
"mgtA",1650.18120548582
"GPFGEMDG_02781",194.657015549924
"GPFGEMDG_00169",1310.59862611721
"nirC",432.894338836082
"smc_1",1935.16706562154
"truA",31.1064560886073
"menH_2",912.530842734598
"GPFGEMDG_00056",313.459212646143
"natA_4",181.058980501624
"mscL",4792.32944680337
"yecS_2",1693.21043998422
"GPFGEMDG_00233",1344.71590930161
"yfmO_2",457.807502222556
"cna",951.096316987919
"rsmE",1371.06575656968
"arcB",117.808426520881
"GPFGEMDG_02498",654.890021370379
"aroC",32.1068820722842
"GPFGEMDG_00326",5890.08539660829
"glpK",1236.64098450197
"folT_1",652.366430981443
"apbE",733.396368005286
"bceA_2",20.5534712116893
"rpsN2_1",394.348251543806
"GPFGEMDG_00041",228.738688967533
"treR",2284.95298376777
"topB_2",1039.93646227722
"GPFGEMDG_01505",100.494743626222
"radA",2113.70817867811
"pox5",1102.12375511468
"GPFGEMDG_00535",80.7276905776603
"yecD_3",819.1429102113
"tqsA_2",1637.43601157622
"GPFGEMDG_01594",3058.73046656954
"GPFGEMDG_02101",12.6432226672714
"dapA",41.9932145168535
"GPFGEMDG_00987",216.214806154299
"GPFGEMDG_02051",110.636272623347
"GPFGEMDG_00599",21.3570369634465
"GPFGEMDG_02661",1525.70418199137
"opuCB",249.629781218572
"GPFGEMDG_00901",1837.95649315226
"araQ_1",20.860311932564
"GPFGEMDG_01053",485.600870515004
"nodM",427.31447177756
"GPFGEMDG_02277",1975.03364027684
"ahpF",2210.79305793256
"yteP_1",796.20968236843
"alaA",397.072205153349
"GPFGEMDG_00131",1764.97254667022
"GPFGEMDG_01912",712.89974851443
"hmpT",255.150308752398
"ddc",674.565847005301
"ntpJ_2",1281.35474659947
"GPFGEMDG_01012",41.4692072378753
"yjbK",1174.87564235698
"araQ_5",197.549089627152
"GPFGEMDG_01016",909.652821510043
"GPFGEMDG_02853",37.764821149181
"GPFGEMDG_01054",1284.94378982009
"csbC",2244.10138639738
"pcp",247.574396533761
"GPFGEMDG_00693",2381.32681806405
"GPFGEMDG_01956",294.866643578671
"GPFGEMDG_02275",290.643764926949
"tqsA_4",515.243315471741
"GPFGEMDG_01913",577.265895034044
"GPFGEMDG_00634",471.795321806674
"soxS",276.865492982929
"clsA_1",27.4467061833076
"ftsW_2",1819.00470199484
"rny_2",623.976537947912
"hmo",50.4854093415023
"fieF",57.6833076459135
"GPFGEMDG_01000",287.425375741896
"hrtA_2",129.078182516337
"arcD1_1",1275.07852558674
"pyrG",3630.4613677874
"mnmG_2",1046.3480306428
"lsrC_2",1146.18123775638
"GPFGEMDG_00420",39.8853615030979
"GPFGEMDG_00378",5527.3625854273
"prmC_2",53.6285678827748
"GPFGEMDG_02726",427.331175799347
"glnM_2",79.0310854658517
"phnX_2",129.944186743794
"lrpC",273.566477868763
"ywpJ_1",440.21905010775
"GPFGEMDG_00364",184.539850991437
"irtA",3179.19063187386
"gmuE_1",1338.49549566977
"kduI1",2876.1317258813
"GPFGEMDG_01890",475.486727874113
"GPFGEMDG_00694",4207.06941880782
"pepF1_2",911.228342800017
"GPFGEMDG_02286",112.191499674308
"GPFGEMDG_00754",546.438997254527
"GPFGEMDG_00572",906.535489546183
"sstT",2971.11619436307
"kdgA",624.504232789889
"prmA",428.600774682927
"GPFGEMDG_00661",123.653535043467
"fruA_5",742.336187170764
"GPFGEMDG_00855",5825.53905159085
"GPFGEMDG_01552",123.484475536829
"ftsK_2",304.726459948291
"mutS_1",2642.07905953875
"lon",1638.50852684631
"manZ_6",2764.69758498869
"msrC",61.8468731783225
"xylH",805.485457466383
"sugC",566.493985847977
"leuS",124.97216530781
"clpB",12.0861693647867
"GPFGEMDG_00994",285.088786991581
"metQ_2",473.402920825997
"GPFGEMDG_00471",2074.79936261465
"GPFGEMDG_02303",990.833069060232
"ypwA",267.3869706454
"uvrB",455.347210716624
"GPFGEMDG_00844",9153.99147733183
"lspA",49.7239540739036
"GPFGEMDG_01291",1405.89384504191
"GPFGEMDG_02033",3587.47980628387
"xylB_1",679.8059521609
"gsiC",372.757261675745
"licR_1",2120.57713222024
"araB",140.06338902214
"GPFGEMDG_02490",978.083357490647
"GPFGEMDG_00260",699.804249472288
"GPFGEMDG_00822",6674.05926819912
"gmuE_2",1552.96887266299
"GPFGEMDG_01304",387.426712422827
"rsmF",2410.0141755485
"GPFGEMDG_01976",765.58650488517
"trmFO",245.578005999769
"GPFGEMDG_02733",2143.63483222937
"aldC",241.407781785338
"dprA",2571.59785962873
"yehU_1",912.903578557348
"GPFGEMDG_00379",330.186514605715
"yccF",471.167808618659
"GPFGEMDG_00129",316.630050399234
"GPFGEMDG_01916",1333.05051742159
"degA_3",152.807841061743
"potA_1",20.5419766626177
"GPFGEMDG_02024",717.308977925557
"GPFGEMDG_00277",2374.3317271469
"thiY",216.810565189756
"GPFGEMDG_02704",235.487504794119
"pgsA1",519.438132767722
"GPFGEMDG_00853",202.174326809087
"yjmB",3297.33950147893
"rhaA",1487.46539746862
"Int-Tn_2",1155.56137720106
"deoC",18.8964503336123
"GPFGEMDG_00262",2419.33360425643
"hepT",2362.97187880359
"mtlA_1",52.7681465326022
"GPFGEMDG_01524",3646.11565477096
"yjcD",4647.64022261696
"GPFGEMDG_01040",365.782492075439
"manX_1",1848.22557912001
"GPFGEMDG_00958",119.932962525166
"GPFGEMDG_02539",526.162256555719
"gatC_1",1090.07764974361
"GPFGEMDG_00043",641.127936705535
"znuC_2",446.47926609836
"GPFGEMDG_02536",227.371442874279
"GPFGEMDG_01514",34.8348981538224
"GPFGEMDG_00029",530.867404365672
"nupC",304.938054805104
"manZ_1",3072.43093627908
"agaSK_2",2162.58569378723
"GPFGEMDG_02634",2319.59411078488
"GPFGEMDG_02084",5189.92844934082
"mutS_2",1971.29708226058
"GPFGEMDG_00465",8451.61972725885
"metE",37.1010243003908
"fldH_1",423.822160267335
"celA_1",193.496240548443
"ribX",603.083426091566
"nagE",1419.05784414025
"GPFGEMDG_01270",45.5589464670213
"GPFGEMDG_02413",912.256412943194
"rifL",1371.21438266472
"GPFGEMDG_00241",3401.99069871059
"hsdR",660.189531939647
"GPFGEMDG_00125",932.634404540361
"ugpB",2277.47476669502
"GPFGEMDG_00036",1227.14120131096
"yteP_2",2805.10887964919
"ycjO",513.003154085535
"GPFGEMDG_00899",187.455962503698
"appA",3003.48052119455
"GPFGEMDG_00294",370.622932472212
"GPFGEMDG_00699",8945.30624073607
"GPFGEMDG_02821",193.096069558169
"prsA_2",429.313116204468
"GPFGEMDG_02871",901.896113942392
"GPFGEMDG_01454",906.579826018327
"ubiB",3412.66954396384
"GPFGEMDG_00850",150.803271937655
"GPFGEMDG_01227",323.061392058088
"spxA_1",117.8460993227
"GPFGEMDG_01562",1071.3140927436
"GPFGEMDG_00100",46.2265764680336
"ispE",180.088571568047
"lrgA",189.558491882898
"GPFGEMDG_00920",1499.65189119058
"xylG",1295.48851993296
"GPFGEMDG_00354",7912.3740714698
"dgaR_1",4347.51247791844
"pheA",195.178944856215
"chbR",935.503404600688
"GPFGEMDG_01628",197.591131033812
"ytcD",1077.73939318097
"mfpA",901.99448442335
"coiA",875.636054145043
"dapF",906.284957604513
"gspA_1",1007.23550925367
"GPFGEMDG_00324",903.805981132279
"desK",13.8302049718869
"GPFGEMDG_01805",8732.28332949698
"GPFGEMDG_00030",18.5242532442722
"fhuC",86.0691422818801
"lacF_1",333.819950274249
"GPFGEMDG_02315",813.457723104478
"ytlR",562.376281134126
"corA_2",1041.40949074534
"GPFGEMDG_00114",139.120288591316
"maf",2047.50219271345
"GPFGEMDG_00186",3706.49031030826
"qorB",16529.8164511011
"epsJ_3",408.422754503259
"wbgU_2",705.282069145854
"ycjP",2032.60313610029
"GPFGEMDG_00252",2666.71688895796
"ptsG_2",31.5792499784373
"codY",30.8529346086303
"GPFGEMDG_01573",29.7828868879433
"glcU_2",28.9405858296466
"GPFGEMDG_00633",20.8073433810995
"ettA_2",20.1755040208648
"GPFGEMDG_00297",19.214765734157
"GPFGEMDG_00115",18.4942120191261
"sufS",17.8937505899337
"folA_1",17.6535660182567
"GPFGEMDG_01592",15.98140181095
"drrA",15.2142945240244
"GPFGEMDG_01451",14.6512588722947
"GPFGEMDG_02511",14.6512588722947
"cmk",12.729782298879
"GPFGEMDG_02682",11.6344605183716
"ychF",11.6344605183716
"GPFGEMDG_01044",11.1230556604212
"mnmG_1",9.96765972459394
"xseA",9.71669230105762
"GPFGEMDG_01493",7.79892408374361
"GPFGEMDG_01501",7.62417708091557
"tagO",7.03181679681801
"rnpA",6.77611436784281
"GPFGEMDG_02842",6.72516800695495
"GPFGEMDG_01160",6.52041193886761
"GPFGEMDG_01164",5.74554572329289
"tsaE",5.62545343745441
"GPFGEMDG_01602",5.36975100847921
"GPFGEMDG_01017",5.11404857950401
"GPFGEMDG_01087",5.11404857950401
"GPFGEMDG_01484",4.98619736501641
"rbgA",4.73049493604121
"addA",4.72273600739209
"GPFGEMDG_02631",4.60264372155361
"yycJ",4.60264372155361
"recQ_1",53.568974437413
"der_2",3.48267628931595
"GPFGEMDG_00032",3.32413157667761
"rnz",3.19628036219001
"GPFGEMDG_01462",2.16166114509266
"yacL",661.24427332764
"GPFGEMDG_01927",465.619583847242
"GPFGEMDG_02002",211.63228134643
"mtlR_2",3154.46286953323
"dagK_1",1972.28989740882
"GPFGEMDG_01751",2077.6553028542
"pemK",1765.36796469933
"GPFGEMDG_02375",1187.13364744857
"ypdA_1",2839.99187123288
"yghA",122.522756066629
"nfo_1",10027.3688780849
"GPFGEMDG_01568",194.981182056307
"GPFGEMDG_02480",1741.9691834347
"GPFGEMDG_01693",2561.67769048896
"GPFGEMDG_00665",4025.35886959204
"GPFGEMDG_01918",46.8783120707549
"GPFGEMDG_01156",499.991423200771
"pemA",2514.60491812482
"GPFGEMDG_01946",3863.60933807071
"ybiT_3",288.051064970717
"GPFGEMDG_01642",414.602971504033
"GPFGEMDG_02708",511.964342291342
"GPFGEMDG_00049",1429.64449097117
"comEC",756.25823851737
"GPFGEMDG_02803",1476.2612113074
"opuCD",3997.69256597029
"nnrD",6939.54749927399
"cypC",1730.13715963625
"GPFGEMDG_01801",202.629448635401
"lacG_2",1235.25260261979
"ndk",1371.78963328887
"tqsA_1",240.472093420009
"GPFGEMDG_01258",297.789118620094
"GPFGEMDG_00664",1531.92340930463
"GPFGEMDG_01611",782.34477991068
"sbcD",69.8194179322191
"lacS",1699.03197514844
"noxE",1326.35415017199
"malP",1729.39568270412
"nfo_2",501.262925082242
"GPFGEMDG_01569",3207.43393900333
"GPFGEMDG_02124",109.499862325429
"exuR_1",2052.15117205316
"cpdA_2",1253.79432827116
"licC_1",5018.14346481675
"GPFGEMDG_00649",694.476966118477
"mepM_2",1098.20829861655
"GPFGEMDG_00563",62.5067194914225
"araR_2",759.843032557421
"GPFGEMDG_01340",801.443519675018
"thiT",540.791021382691
"GPFGEMDG_01563",339.992482648309
"GPFGEMDG_01369",1756.9750141294
"patA_2",157.591714190647
"GPFGEMDG_00275",278.307269976333
"GPFGEMDG_00682",2557.62405373575
"ydcP_1",560.451501565274
"GPFGEMDG_02629",885.982920609344
"GPFGEMDG_01790",556.497033111803
"malL_2",1552.85575508428
"yteR",3012.00445625162
"dppE",801.724215597186
"GPFGEMDG_01444",56.0118061101231
"GPFGEMDG_01274",105.719910066297
"murJ_2",4567.86577619823
"glnR",6629.45480487968
"bca",7118.0107787677
"GPFGEMDG_01718",244.781130720938
"GPFGEMDG_00825",5396.69053423337
"nrdD",2144.49179350909
"sacA",386.40847617289
"GPFGEMDG_01048",32.229748404087
"lacR_1",218.430486203517
"GPFGEMDG_00204",18.0564032996961
"yfmO_1",1468.80720794166
"GPFGEMDG_01662",32.5688281443947
"metN2",97.532287994237
"GPFGEMDG_02691",731.691908014346
"GPFGEMDG_00039",1628.57666037642
"GPFGEMDG_02740",1836.24606691768
"gmuC_1",663.291181972337
"yjhB_1",242.071025516753
"GPFGEMDG_01627",1376.75962381762
"comGA",1842.28857908876
"cpdA_1",1631.09614929726
"cggR",222.407104658678
"malL_1",2811.0309265998
"GPFGEMDG_01256",1212.50658072525
"GPFGEMDG_01584",4263.08544136538
"GPFGEMDG_01907",960.458687676679
"pfkB",1842.20740422743
"araC_2",728.884918845759
"GPFGEMDG_00861",1907.01985320351
"GPFGEMDG_00708",4758.73000139143
"GPFGEMDG_02264",843.249994888989
"GPFGEMDG_00048",922.427480375493
"gph_3",465.348515693983
"GPFGEMDG_01579",5214.71227330152
"dhaK",167.19494819659
"GPFGEMDG_02324",1549.13477486962
"algC",3688.49821881073
"hcf136",3331.07690428005
"mtlR_1",471.746952095935
"smc_4",862.214127628003
"GPFGEMDG_02724",427.367053289427
"GPFGEMDG_01074",1730.67483592684
"por_2",1440.7252586302
"opuCC",374.599968383952
"cobB",778.698312471316
"atpA",32.5369802566574
"gdhIV",3992.32976682655
"GPFGEMDG_00544",358.312449467298
"GPFGEMDG_00832",237.067142318796
"yjlD",4675.33410650148
"GPFGEMDG_02760",193.519727632006
"gdh",1476.71880983037
"glnP_1",74.6379272303384
"GPFGEMDG_01800",8225.97957074652
"phoR_4",30.940494224301
"czcD",501.297380174432
"GPFGEMDG_02283",62.3863177364658
"menA",2563.13373252716
"GPFGEMDG_00641",614.705750753514
"acuR",2338.19696078081
"GPFGEMDG_00288",179.784134241148
"GPFGEMDG_00122",95.077088267892
"thiO",3094.72839733536
"licH",539.228435371817
"bglH_1",2164.87894407424
"GPFGEMDG_00212",96.1842823703317
"GPFGEMDG_00965",993.68183383103
"rapA",1531.9590395373
"lytA_2",3101.87173765566
"phoR_1",292.370349594908
"GPFGEMDG_01222",147.655916146255
"ctpE_2",798.642772570454
"stp",347.132183916398
"hchA",2045.1143661463
"xerC_2",442.914081170464
"rpoE",258.1540752847
"pepV",212.082882225367
"GPFGEMDG_01902",77.6307174039114
"GPFGEMDG_00540",104.712115063703
"manZ_3",3190.06842458952
"GPFGEMDG_02635",1123.63921946174
"GPFGEMDG_01526",360.085887798013
"GPFGEMDG_00988",1157.94948554864
"GPFGEMDG_02180",78.423828806374
"fldH_2",432.743068630657
"yvdM_2",953.661498614758
"GPFGEMDG_02003",283.01392969853
"GPFGEMDG_02260",362.645629865992
"GPFGEMDG_01904",1300.64341664834
"GPFGEMDG_01687",4309.72373795259
"ecsA_1",265.903467543704
"rpmF_1",3062.8581745536
"arcD1_2",1809.56542797524
"GPFGEMDG_00650",527.586698503571
"GPFGEMDG_00403",1164.59346617681
"GPFGEMDG_00193",603.128642606971
"uxaC",524.369258398813
"ltaS1_3",2293.41912870646
"hemN",440.59714491269
"GPFGEMDG_02526",1728.71696871945
"mtlA_2",246.567594304962
"lacG_1",2389.74204863391
"ybbH_2",123.562286687729
"mleS",2416.42164236541
"clcA",1816.17297540039
"kojP",5448.82127972112
"GPFGEMDG_01698",6116.69567759636
"GPFGEMDG_02707",7087.13737287597
"punA",31.0319713911637
"GPFGEMDG_02363",12.3039130513182
"GPFGEMDG_01595",6381.20217295487
"murR_1",12736.9931575084
"GPFGEMDG_00101",4751.56799042794
"GPFGEMDG_01699",12467.3082277487
"GPFGEMDG_01007",275.889113567179
"GPFGEMDG_00975",35.4215006534878
"ndvA",503.150087056059
"GPFGEMDG_00052",1383.18752684796
"GPFGEMDG_00831",72.6368597740366
"nhaK",4695.7417021557
"queG",380.486091788258
"glxK",11206.1796755695
"rspR_2",1311.2312235419
"agrA_2",462.582136996178
"GPFGEMDG_01318",36.0821254565541
"pbpX_1",187.471813644411
"GPFGEMDG_00436",1786.52007141278
"GPFGEMDG_00170",834.390433041898
"lacG_3",1220.3478549655
"GPFGEMDG_02400",226.553403580384
"fabG_3",431.224859692993
"helD_1",1993.08171075463
"ykuT",312.913089165271
"GPFGEMDG_01646",1868.60251132218
"GPFGEMDG_00103",3493.70990948867
"oppF_1",442.250885838843
"fruA_3",988.649506459562
"pepF1_1",220.071472913591
"agrA_1",2337.50202364845
"GPFGEMDG_00111",2344.87390163145
"GPFGEMDG_00231",7501.98604255841
"comGC",1740.65220361042
"udk",841.656065307788
"ptsG_1",4890.69639867057
"phaJ",37.5522232233381
"GPFGEMDG_00136",168.890278454897
"GPFGEMDG_00083",8199.64242937601
"yheI",19332.1909258873
"GPFGEMDG_01609",1071.16012178389
"GPFGEMDG_00072",2451.85454410608
"benM",309.184490972351
"bin3_4",573.175003395085
"nlhH",70.6275348518661
"ruvB",356.979015565522
"fucO",2440.34948338706
"GPFGEMDG_01003",65.2838367983948
"fhs1",639.326642967386
"yesS",1323.91601748081
"nox_2",631.337631148039
"araD",39.0000753791724
"fnr",552.705650463243
"GPFGEMDG_01990",1315.77272313114
"lacE_2",321.383287232055
"GPFGEMDG_00035",378.463516184022
"recD2",385.884228196662
"yfiY",454.750289672827
"tqsA_3",1748.5850937836
"GPFGEMDG_02290",86.7888939764307
"GPFGEMDG_02829",563.721547258791
"ansA",1562.95246297208
"GPFGEMDG_01933",64.4523607721038
"ribZ_1",51.0521340457182
"tag",2176.10356757331
"natA_3",1890.42208611641
"GPFGEMDG_02019",1844.98360490406
"emrB",503.915215186596
"recJ",12.9290271203106
"lytA_3",27016.6047291489
"GPFGEMDG_02394",2046.97514476743
"GPFGEMDG_02764",84.272996165243
"pucK",5708.11854393067
"GPFGEMDG_00321",135.319737498731
"GPFGEMDG_00017",2306.87980780111
"GPFGEMDG_00670",1717.76778361595
"GPFGEMDG_02398",18.263099638189
"corC_1",822.34376297999
"ydbD",368.714606456078
"GPFGEMDG_01616",1074.23343800623
"GPFGEMDG_02571",456.621940477322
"degA_1",44.4997893423576
"GPFGEMDG_01566",385.950143078792
"GPFGEMDG_01898",1883.77970312468
"GPFGEMDG_00950",432.151304946161
"mprF_1",2940.1021448639
"uxaA",312.952473052608
"GPFGEMDG_00038",312.911102385229
"GPFGEMDG_01294",158.188640000147
"GPFGEMDG_02208",6464.89278871269
"GPFGEMDG_01995",3437.92810055738
"GPFGEMDG_01034",808.629810785042
"rluB_1",615.966558850629
"yfnB_1",438.623944606799
"ntpC",170.093072952088
"GPFGEMDG_00655",2211.41867167156
"GPFGEMDG_01706",2180.0623364714
"GPFGEMDG_01710",6374.84967751842
"thiI",516.263841296409
"GPFGEMDG_01382",207.821229411068
"ybdH",3732.07735898393
"nhaC_4",197.115158892351
"GPFGEMDG_01363",1197.9926951452
"dgaF",534.168714648499
"srlE",3489.56006658412
"GPFGEMDG_01654",63.3714322989565
"queT_2",61.9739673797009
"GPFGEMDG_00427",92.9023414032844
"dinB_1",4223.03624886236
"mapZ",272.247886825926
"licC_2",4830.28771994134
"bin3_3",1335.90052834488
"sbcC",145.872829133542
"GPFGEMDG_00055",826.478337604268
"GPFGEMDG_00226",36.9542656673959
"mtlF_2",1082.824925067
"bcrC",2682.43568751082
"GPFGEMDG_01943",1231.89411054249
"GPFGEMDG_01906",591.700674128163
"garB",7250.10493443676
"GPFGEMDG_00596",1054.74473018575
"dgaE",173.45390803651
"GPFGEMDG_00752",2624.72039417508
"GPFGEMDG_00034",811.97629265524
"yadH",4724.98546211555
"ybiT_2",1573.30459049551
"prsA_3",163.394864255637
"yceM",780.473176071516
"yheH",12896.2680489657
"GPFGEMDG_02113",282.210658055656
"mshD_2",429.655013082641
"gmuE_4",10.3706501490746
"tsaD",1.29495763552209
"GPFGEMDG_01496",1035.55946503468
"GPFGEMDG_00355",723.585596531842
"GPFGEMDG_02593",1827.14390518861
"GPFGEMDG_02540",2649.68625627521
"pgl_1",2583.49591732063
"xynB",974.043080738612
"dgaR_3",2020.10567818949
"adhE",5358.25229242199
"GPFGEMDG_02037",621.796674089294
"ghrB",387.387869602207
"comEA",577.245673342632
"intQ_2",2764.76205498544
"araN_2",35.3588047192281
"GPFGEMDG_00432",2649.5774512986
"apc1",5647.20000078449
"GPFGEMDG_00292",1076.2841796923
"licA_1",300.968813580185
"GPFGEMDG_00054",6178.76653731352
"mtlD",2799.01438319205
"anr",447.877534802826
"GPFGEMDG_00050",204.424995418081
"yknY_2",8936.38963856293
"rhaB",79.3092528976405
"GPFGEMDG_02444",100.903108262691
"GPFGEMDG_02684",129.115179080563
"GPFGEMDG_00366",4996.93841910431
"msrA_1",2902.17505380304
"yvdM_1",852.555428629146
"bmr3",2870.50773366525
"dinB_3",839.968441670051
"iclR",92.4574757443696
"GPFGEMDG_00536",396.760149802233
"GPFGEMDG_00546",684.528662054661
"corC_2",1321.30175212223
"treB",1700.48212829234
"GPFGEMDG_00238",2903.35476981028
"endA",10322.795689712
"rclA",1608.58823532755
"GPFGEMDG_00659",655.837547924666
"xerD_2",1927.43460683861
"yheS_2",2543.25184065601
"pglA",615.041500913726
"sorC_2",115.545489109108
"GPFGEMDG_01901",102.153885165203
"ribZ_2",10365.8744568927
"trxA_1",66.9544683722913
"GPFGEMDG_00102",3186.28183859915
"GPFGEMDG_02386",1895.76631454385
"dxs",17717.5677858867
"kdgK",1643.83195638597
"ulaC",736.083337220414
"GPFGEMDG_01739",1520.82388321387
"srlA",59.5623932288775
"GPFGEMDG_01900",2955.48756577262
"rex_1",3.47301161246112
"dgaR_6",8588.17454924499
"GPFGEMDG_01523",262.157411508277
"manP",4646.01918016118
"mngB",1227.05197475818
"ziaA",756.40613485406
"GPFGEMDG_01997",715.582975888795
"zitB",205.358081626225
"bglC",1798.16735366304
"GPFGEMDG_02485",2435.49636317231
"ybhF",511.139166229091
"GPFGEMDG_02340",2365.3745949292
"clpE",3084.67733198152
"GPFGEMDG_02291",1212.74218363334
"GPFGEMDG_01944",1468.08471956769
"tyrA",1348.84976367994
"GPFGEMDG_00179",1492.16299475077
"malG",333.901656732458
"GPFGEMDG_01783",4899.87290372949
"pnuC",243.243773021102
"licR_2",138.9632272768
"mdxE",369.871332058666
"GPFGEMDG_00269",99.0107187300536
"GPFGEMDG_01033",588.34477468942
"GPFGEMDG_01055",689.188343922069
"yitU",59.0497144798293
"rpsN2_2",2089.40970312454
"GPFGEMDG_00466",1103.80972241317
"fosX",67.3634267980029
"malF",4704.74318309817
"xerC_4",713.933475580857
"dtd",241.7434042634
"paiA",1005.21053410521
"cwlC",1214.83825684548
"GPFGEMDG_02245",1856.09585989445
"GPFGEMDG_00387",353.390651493618
"GPFGEMDG_01799",551.119136946928
"cbh_2",1414.08674790108
"ccpB",547.436379926499
"GPFGEMDG_01404",205.260584270116
"GPFGEMDG_02638",1605.82253820229
"dapE",88.6093378367102
"GPFGEMDG_00610",707.340614247925
"acuI",4176.34353394133
"ulaE",4094.94244219199
"GPFGEMDG_00909",1846.98945159317
"rsmC",49.7402121599238
"uxuA_1",936.217261564613
"lacF_4",150.360585735906
"nhaC_3",2789.86493908459
"GPFGEMDG_02354",189.309477646481
"asnS",102.227452203227
"GPFGEMDG_02776",2817.7624247625
"epsF",752.191335752475
"GPFGEMDG_02431",1257.2107002207
"GPFGEMDG_02067",416.207760789639
"GPFGEMDG_00945",78.1320976856258
"ganB",937.715471264019
"degA_2",25.8421970275419
"GPFGEMDG_00037",106.891415038055
"GPFGEMDG_02461",401.251455182378
"GPFGEMDG_01618",902.646089052117
"GPFGEMDG_01939",1464.4230235858
"GPFGEMDG_02370",400.999689042303
"GPFGEMDG_00305",124.90183678493
"mglA",80.2602728527863
"GPFGEMDG_00849",1558.81385862013
"GPFGEMDG_02028",1691.95023422602
"yutF",322.313362684201
"ymfD",690.75507578998
"pepO",1027.76126051051
"GPFGEMDG_00205",602.792997763164
"dus_1",464.253191942148
"GPFGEMDG_02278",4557.40008284763
"GPFGEMDG_01673",1346.39475047258
"GPFGEMDG_00284",80.6881497774629
"ugd",196.056173351927
"secA",1.79026915762587
"cdr_1",1735.77147675414
"licT_1",2700.24963035688
"dauA",84.3777694041619
"agaSK_1",2124.50103406057
"smc_6",6746.37118000898
"bglK",2092.16861974591
"GPFGEMDG_01909",6394.00882635622
"steT_2",258.394442253235
"GPFGEMDG_02812",4499.85291070252
"rbsR",1765.43369908737
"GPFGEMDG_01581",1246.17405664897
"lhpI",3241.06301023321
"pgaC",513.968624627799
"GPFGEMDG_01293",74.3259272065316
"GPFGEMDG_01711",3090.34468620661
"GPFGEMDG_00293",990.578985511299
"GPFGEMDG_02481",273.321093497892
"ktrA",2184.61085591972
"proA",7.53502802891013
"GPFGEMDG_01038",1770.22920998986
"GPFGEMDG_01610",362.570378990936
"mntB_2",6996.63234049756
"pepS",885.67061750516
"yfnB_2",150.245175149073
"phnW",12560.7291317603
"bglF_1",1222.407436748
"fbp",180.576435880724
"GPFGEMDG_01578",17.2605349473401
"GPFGEMDG_01656",209.112397146625
"GPFGEMDG_02762",372.198614087441
"bceB_2",1913.88535215399
"rlmH",57.8510935098265
"GPFGEMDG_02391",522.857661847359
"nanE_1",57.5274100332175
"srrB",2213.74352176144
"tig",41.9137054477404
"GPFGEMDG_02686",756.936957922393
"GPFGEMDG_02092",432.00999540024
"GPFGEMDG_01681",141.364320469052
"GPFGEMDG_02411",164.972475085961
"gadC_1",53.4073121697564
"topB_3",216.22129278487
"murR_2",5028.45494944027
"dgaR_2",1881.08158316474
"cdr_2",3752.60789527443
"GPFGEMDG_01535",328.438988474082
"feuB_2",5565.48213395825
"ponA_2",322.457263098421
"msmE",33.6976891962748
"GPFGEMDG_02537",1410.81587932703
"bbmA",992.197542336525
"GPFGEMDG_00667",244.811939820662
"dltA",596.835481130751
"mntR",510.671685785115
"patA_1",4420.98947550152
"lacF_2",557.353373056089
"GPFGEMDG_01211",42.4514167906702
"perR",432.50285104569
"GPFGEMDG_00875",281.618440236398
"lacE_1",4107.80483155425
"GPFGEMDG_02730",426.411413117463
"sdhA",263.341947905122
"feoB",2492.53848922029
"yheS_1",1391.49142766993
"dtd3_2",732.927330434391
"ycaM",1946.22623593734
"GPFGEMDG_01035",62.9497543276974
"GPFGEMDG_00255",410.860898191055
"ydjZ",1425.71555335634
"pflB",1218.62287657331
"gldA",1322.77059815753
"rsiV",167.453679351075
"aroE",767.218431051511
"fruA_2",2541.33602376423
"GPFGEMDG_01045",2490.85129525384
"GPFGEMDG_02527",607.6499546937
"fur",967.169712563777
"GPFGEMDG_02506",30.4196909300262
"GPFGEMDG_02852",3761.60559259704
"gltC_1",245.198085833555
"GPFGEMDG_01903",1468.33716767067
"lacC_1",784.172946422422
"GPFGEMDG_01652",139.11788970662
"murQ",1062.30487785712
"hosA",682.261740284777
"dapH",177.578063367305
"htrA",45.1699552719439
"GPFGEMDG_00214",1176.37033807154
"nrdE1",748.648752176098
"manR_2",582.116911380887
"copA",4344.10061515502
"GPFGEMDG_01914",260.655479639758
"GPFGEMDG_01985",1400.97934761934
"exuR_2",7828.5827611343
"GPFGEMDG_02577",449.949835054419
"dinG_1",236.515771987802
"GPFGEMDG_00834",974.680133471193
"GPFGEMDG_01972",890.24706655122
"rspR_1",299.5069430828
"GPFGEMDG_02166",650.289241455172
"GPFGEMDG_01804",92.1135466099059
"bin3_2",677.752460071645
"rhaD",68.732643765336
"GPFGEMDG_01425",573.13671141261
"GPFGEMDG_00966",39.9999815091363
"GPFGEMDG_00827",490.591828750572
"melR",575.54049475132
"rpmGA_1",80.7389058211425
"prfC",253.922698652063
"mutS2_1",91.829488376537
"recN",915.835249949675
"mutL",184.0489293663
"yhhX",4053.71392700992
"yjiA",311.325683508498
"GPFGEMDG_02337",228.912707761503
"gph_2",651.031641976032
"adeC",321.539665084273
"GPFGEMDG_02390",6.74205811681862
"bfrA",721.514079776596
"GPFGEMDG_01041",476.5777385059
"GPFGEMDG_02509",5031.60134237794
"rsmD",149.435005077157
"tmpC",1428.88354012561
"GPFGEMDG_00368",1135.97118104583
"kup",6086.27611218846
"GPFGEMDG_00836",994.625082289012
"lysA",73.5640613293449
"crtK-2",856.890166639306
"GPFGEMDG_02496",212.609720714556
"GPFGEMDG_02652",20.1357227739312
"GPFGEMDG_01314",54.5322380970979
"phoR_3",790.033187753127
"spxA_4",2039.94869152212
"xpkA_2",1770.25456944622
"glpE_1",303.324365725437
"GPFGEMDG_00671",52.9107444798964
"GPFGEMDG_02023",1582.38843383911
"znuC_1",189.691007407131
"znuA_2",43.4675537999642
"lacR_2",485.461532887153
"galK_1",675.746339358139
"GPFGEMDG_01678",1641.29354756118
"uxaB",22.5258702276888
"yqiK",9076.17864774455
"lacF_6",977.461031335146
"bin3_1",593.202499221981
"GPFGEMDG_02855",171.932296552499
"galM_1",324.090673819611
"GPFGEMDG_00259",543.993201679627
"steT_1",5410.61981567677
"GPFGEMDG_00271",373.864816405682
"GPFGEMDG_02339",36.3986459579886
"yddE",534.94924866765
"gmuC_2",563.193093353006
"GPFGEMDG_02769",873.534718137345
"ddl_2",3433.094439756
"npr_1",3699.56128345343
"GPFGEMDG_02109",1253.34128429742
"GPFGEMDG_01458",1099.14931069737
"patB",148.775010448014
"iadA",226.433184190508
"gabR",1070.14622565147
"GPFGEMDG_02770",3987.57183281359
"ubiE_2",68.4660236401299
"ssaB_2",221.874491608044
"srlB",988.038882631346
"gor",76.1500510352141
"opuCA_1",1333.72213227672
"ywqD",462.578039992379
"GPFGEMDG_00890",391.484210585828
"araQ_4",293.387119581213
"GPFGEMDG_00953",1366.42379995496
"GPFGEMDG_02046",539.12147780888
"mntH",4348.55520495449
"GPFGEMDG_02292",3344.83702172796
"glcK",365.32656728353
"xerC_3",1328.72122221135
"rlmI",1500.30093925448
"dinB_4",406.134874331361
"ydeA",3503.07120269234
"GPFGEMDG_02735",292.031159357591
"tetA",127.78965454547
"GPFGEMDG_00317",35.8412424983076
"tuf_2",41.4892013860174
"abfA_2",353.958366324272
"GPFGEMDG_01006",199.110944822988
"araR_1",121.421320333154
"GPFGEMDG_02470",366.651013677757
"GPFGEMDG_02543",195.434374149352
"pelX",760.315585940975
"GPFGEMDG_00106",1244.55883310817
"GPFGEMDG_01571",159.3786865533
"GPFGEMDG_01037",2063.2897629241
"opuAA",78.4999724687019
"yvbW",215.956266254332
"GPFGEMDG_02182",265.254876131254
"adh",760.140243812403
"GPFGEMDG_02373",2389.23785348461
"GPFGEMDG_01682",2482.15457236297
"dgaR_4",1519.31534217774
"aroB",1876.65721516336
"gatB_1",168.898641842946
"intQ_1",682.39276329963
"DNPH1",259.51017687219
"GPFGEMDG_01358",2200.04596087598
"GPFGEMDG_01577",3876.15387662246
"mapP",776.230997672151
"iap_1",5316.68556796337
"lacF_3",74.0495642408498
"rsuA",539.125075221124
"GPFGEMDG_00445",123.085642499709
"lsrC_1",2720.45950731419
"sdrD",250.530793688643
"yfmL",373.334353341544
"GPFGEMDG_02376",76.0223856387942
"ytfQ",212.54439333197
"comFA",152.748675681244
"pepA",266.935107734157
"frmB",64.2774544348075
"GPFGEMDG_01050",420.770664622927
"nadR",176.501472342588
"GPFGEMDG_00071",297.522305791367
"bglH_2",571.523565919641
"nagA",978.909497345276
"GPFGEMDG_00095",6308.53819723275
"asd",310.650793183916
"pyrP",449.21980683682
"eriC",2920.89732774291
"GPFGEMDG_01303",127.251544665935
"GPFGEMDG_02572",367.591011712352
"GPFGEMDG_00978",294.497792841541
"repD",1413.99489876059
"pglH_2",99.4556938933142
"GPFGEMDG_01487",77.1866581812329
"GPFGEMDG_00298",635.856442197417
"GPFGEMDG_02426",372.408579417359
"GPFGEMDG_01478",1516.29555658436
"ygaZ_2",28.4179119614249
"rnhB",142.338751576403
"GPFGEMDG_01376",136.279355414944
"glcU_1",218.534573438245
"GPFGEMDG_01365",2140.79040678758
"pimA",56.2407198997697
"araN_1",9140.95369615538
"GPFGEMDG_01824",829.617354125958
"GPFGEMDG_02722",259.634439746671
"GPFGEMDG_01596",171.048586115297
"pcrA",85.9187005599218
"frlB_1",701.635429752247
"GPFGEMDG_01316",2566.8590492556
"ysnF",272.963062866617
"gpsA_1",168.142140348004
"GPFGEMDG_00892",314.243338284111
"GPFGEMDG_00823",528.001393254746
"GPFGEMDG_01891",26.3607577353005
"GPFGEMDG_00653",63.802780493462
"GPFGEMDG_02841",215.565801665973
"aes_1",747.38966827048
"GPFGEMDG_01377",952.204651507238
"zapA",196.081382910863
"GPFGEMDG_02588",293.401445339698
"argR_2",189.226214058402
"tgt",521.27864276339
"GPFGEMDG_01025",31.9546617850578
"yfbR",87.6099689446559
"pbpF",70.2627838221948
"ssaB_1",118.178167384478
"treP_1",1158.65019849358
"norG",2676.9618660566
"GPFGEMDG_02595",1652.23629518347
"ligA_2",31.4634631720257
"amt",60.221110833926
"GPFGEMDG_01290",1921.32817266209
"GPFGEMDG_01938",3.14160995426882
"GPFGEMDG_01341",424.650786009433
"GPFGEMDG_00463",288.98601163818
"gmk_2",456.359438416149
"GPFGEMDG_02344",206.526030454665
"ntcA",1587.64556161779
"GPFGEMDG_01520",494.72918951699
"GPFGEMDG_02025",60.7616551682577
"tkt",55.4268266207476
"GPFGEMDG_02763",495.920065206409
"lacF_5",189.56850273232
"GPFGEMDG_00012",132.282330805871
"GPFGEMDG_00658",214.731641397717
"GPFGEMDG_00685",1455.96502199492
"GPFGEMDG_02445",294.095669696991
"GPFGEMDG_00674",17.1917422339351
"ytpP",97.5620070017668
"helD_2",140.269226306221
"napA",167.146396126333
"murJ_3",594.578947271547
"malH",889.231619176493
"clsA_2",3021.13701934884
"GPFGEMDG_02105",1379.15293776413
"pepT",142.000945427633
"GPFGEMDG_01752",140.258476341438
"pgmB",50.9506685711481
"GPFGEMDG_02279",225.969960627856
"GPFGEMDG_02345",27.7684285730741
"GPFGEMDG_01162",208.167068489452
"GPFGEMDG_01232",453.887627802897
"rsfS",246.805596796893
"ybjG",101.524386153754
"GPFGEMDG_00841",205.628399721666
"GPFGEMDG_00192",203.834778282035
"GPFGEMDG_02179",465.835178479187
"GPFGEMDG_02040",57.7163819074291
"afr_1",365.109204954225
"GPFGEMDG_02125",81.5024385255201
"gmuD_1",627.146980395151
"lacR_3",48.0010054035605
"mutY",298.206540849218
"GPFGEMDG_01360",405.094986108175
"araQ_2",19.2023588811989
"mgsR",269.561607608389
"GPFGEMDG_01117",230.462276683301
"ccpA_1",117.999745228524
"GPFGEMDG_01449",723.11672626144
"yesO",106.193518478666
"GPFGEMDG_02030",1100.11883929713
"GPFGEMDG_02782",52.4529926108484
"nagB",66.8438886420965
"kbaY",449.731976519113
"GPFGEMDG_01951",724.364799942958
"smc_3",222.07799536319
"GPFGEMDG_02541",155.866625900779
"GPFGEMDG_00033",85.7833395242422
"ribF",34.71566495721
"GPFGEMDG_02224",258.505195676723
"GPFGEMDG_00679",158.607476657606
"yvgN",69.5827062806442
"GPFGEMDG_02525",921.50296457312
"bsdC",78.2776851385627
"tdk",173.747906630376
"ldtA",26048.5650771486
"GPFGEMDG_01623",185.893301678334
"manX_2",27.9998652994026
"oxyR",698.319044431482
"tsaB",3.49642401712525
"xerS_1",291.29972531239
"GPFGEMDG_01908",469.743109667561
"ygaZ_1",55.2351841096936
"GPFGEMDG_02183",69.0272154554276
"alsS",568.915261744387
"GPFGEMDG_02687",66.1589330962404
"mta",326.465805531345
"GPFGEMDG_02663",56.2481897476911
"glpF",1.54914027368771
"GPFGEMDG_01655",45.4658681105624
"GPFGEMDG_00755",151.845655485428
"GPFGEMDG_01456",84.6515175971396
"GPFGEMDG_02778",177.466665880759
"GPFGEMDG_00094",73.8553903531442
"GPFGEMDG_00440",184.362963609886
"ywiB",293.45930540021
"vioD",185.864933632962
"GPFGEMDG_02433",236.46155109091
"GPFGEMDG_02294",157.986082400572
"GPFGEMDG_02524",383.974479897865
"GPFGEMDG_00537",149.044880973744
"GPFGEMDG_02396",83.5532772163584
"rbn_1",68.4242195415592
"yfkN",97.7883420166526
"GPFGEMDG_02097",207.693580674565
"GPFGEMDG_01721",94.4986567136998
"ltaS1_1",333.229896248746
"GPFGEMDG_02531",91.4901060399955
"GPFGEMDG_02083",104.034790016133
"yfdH",14.8263804618257
"GPFGEMDG_01996",448.148620303291
"dacA",13609.4435518786
"GPFGEMDG_02675",151.620373750221
"GPFGEMDG_02148",332.394499097125
"gmuF",66.2263319419371
"aroA",299.031438822107
"epsJ_4",81.8807266510354
"GPFGEMDG_02288",35.8495726681154
"pgdA",60.0408679075005
"yecS_1",56.2251946257697
"mprF_2",424.440151553742
"opuBB",56.207213674271
"exoA",1.669026804799
"clpC",40.4686067502434
"GPFGEMDG_00734",30.6698743044088
"GPFGEMDG_02640",256.721728165048
"GPFGEMDG_01139",2275.56701678889
"rpoC",24.8937384010842
"GPFGEMDG_01724",152.945460014511
"bglF_3",230.542506372324
"GPFGEMDG_02789",418.664534105271
"oppD_1",2.24734805318438
"GPFGEMDG_02761",13.4545262492421
"pinR",80.3506518218425
"GPFGEMDG_01921",7.69839428251792
"GPFGEMDG_02140",90.6444275845702
"GPFGEMDG_01052",2.11081272995018
"murA1_2",293.838034617747
"chbC",150.530617258274
"mhqA",3.54015755140527
"GPFGEMDG_01452",109.993092513256
"repN",121.184483014915
"lplJ",6.68505562033173
"manZ_4",10.6307426491333
"tetR",1.68668432036959
"guaC",300.89286630885
"pyk",24.9665480203364
"pgpH",83.1804759899556
"GPFGEMDG_01233",56.0739896478794
"ppaC",4.67169176178405
"ileS",16.0386337988437
"GPFGEMDG_02832",72.0039683018045
"plsX",3.00120480665603
"banIM",132.511018687751
"GPFGEMDG_01461",281.387352714258
"xpkA_3",6.8574044535066
"GPFGEMDG_00534",42.2097639695472
"brnQ_2",96.6504529521469
"GPFGEMDG_00729",2.15710296565404
"mepM_1",74.7992303322572
"GPFGEMDG_00467",21.4805715109096
"GPFGEMDG_02833",1.89178594367065
"GPFGEMDG_02830",12.7921295339076
"comC",2.24835147246796
"sttH",2.12825918662948
"glmS",2.21820231793251
"GPFGEMDG_02289",23.8533510565133
"opuCA_2",2.2464958081089
"rnr",32.0497837194436
"GPFGEMDG_02456",6.95776155813374
"murB",7.09812132922768
"glpQ_2",2.60120567254714
"parC",2.60120567254714
"serS",2.60120567254714
"ypdF",2.63411525254486
"pyrK_2",2.71944229402656
"GPFGEMDG_00112",2.83767891550598
"GPFGEMDG_02633",2.95591553698539
"GPFGEMDG_02768",151.783193810905
"GPFGEMDG_01424",3.19238877994422
"GPFGEMDG_01018",3.28650143011604
"miaA",3.31062540142364
"GPFGEMDG_02007",17.3577115158078
"artM_3",28.0931629602188
"GPFGEMDG_00538",3.7835718873413
"metB",3.90180850882072
"GPFGEMDG_01521",4.02004513030013
"fabD",4.02004513030013
"mvaA",4.13872832273209
"epsL",24.6645779303655
"dgs",4.71367992560659
"GPFGEMDG_01212",4.72946485917663
"lipL",4.74986588256799
"folA_3",23.8533183577326
"GPFGEMDG_02385",4.84770148065604
"GPFGEMDG_01993",4.85231757047737
"infB",6.10887650595908
"GPFGEMDG_00377",5.43888458805312
"GPFGEMDG_00290",6.06852606748294
"arcA",25.2691433980505
"GPFGEMDG_02721",20.0864321316297
"GPFGEMDG_02784",13.3594084603157
"hslO",5.79359445249137
"Int-Tn_1",5.82278108457284
"GPFGEMDG_00332",5.96141872944363
"rsmH_1",5.96141872944363
"ogt",6.0300676954502
"typA",6.04674577092533
"lytR_2",6.26654093840903
"GPFGEMDG_01036",31.0146796155682
"GPFGEMDG_01828",6.62125080284728
"trpS2",6.62125080284728
"yjbM",6.67873092510514
"hflX",6.73948742432669
"ydcV",6.85772404580611
"GPFGEMDG_02703",6.9318822435391
"ftsK_1",6.9318822435391
"potD",13.9954668891746
"GPFGEMDG_01129",7.09419728876494
"GPFGEMDG_02063",7.20915753328067
"GPFGEMDG_02357",7.34779517815145
"GPFGEMDG_02034",7.62507046789301
"GPFGEMDG_02462",7.76370811276379
"glpQ_1",12.3966461461869
"cbh_3",62.0799366212226
"GPFGEMDG_02356",17.757675703563
"GPFGEMDG_00273",8.4568963371177
"fabG_2",10.7855148282702
"GPFGEMDG_01506",9.10421985391501
"GPFGEMDG_02488",9.2887222063424
"ohrR",20.7509814931017
"GPFGEMDG_01333",36.478079899165
"GPFGEMDG_01436",9.9819104306963
"galT",10.7595325546268
"GPFGEMDG_00647",19.4006101419203
"GPFGEMDG_01868",24.4011541327673
"GPFGEMDG_00104",18.9183853342073
"GPFGEMDG_02227",11.4981389155848
"GPFGEMDG_00983",11.5871889049827
"dinG_2",33.4016736173214
"GPFGEMDG_02000",12.1783720123798
"GPFGEMDG_01292",18.6175227107389
"GPFGEMDG_02774",12.6513184982975
"rhaM",16.9487362929901
"GPFGEMDG_00713",21.3400988623718
"nylA",32.5207726453373
"GPFGEMDG_02319",25.2220573954962
"ulaA_1",14.5431044419681
"GPFGEMDG_00934",14.5569527114321
"GPFGEMDG_01229",18.0940946685964
"GPFGEMDG_00706",23.7635637310924
"pstA",14.9728656460445
"GPFGEMDG_02487",78.4735364910548
"ntpJ_1",19.3245338484315
"GPFGEMDG_01603",27.1618767438992
"recQ_2",27.2678835042422
"GPFGEMDG_02727",103.868665145851
"rlmCD_1",16.3592420947523
"glnH",16.5531270071182
"sigH",17.2625467359947
"licA_2",53.7271382287853
"GPFGEMDG_00419",62.9079701954585
"murI",18.6813861937477
"yclM",43.4677670817785
"gmuE_3",20.6264114811287
"GPFGEMDG_02111",55.8621010555974
"sorB_1",35.5669978887505
"GPFGEMDG_01910",74.1604722729669
"GPFGEMDG_02150",25.7749555907411
"GPFGEMDG_00076",45.0618876841239
"GPFGEMDG_02313",96.1727913621403
"mutS2_2",66.4750629100884
"celA_3",31.5218231342939
"GPFGEMDG_01443",31.6093830305383
"cvfB",45.1356690528892
"oppF_2",63.5703996097813
"GPFGEMDG_01931",66.8389688561612
"GPFGEMDG_00306",55.0305635329445
"sppA",49.3293010312126
"cspLA_1",41.1356220020405
"cysL",82.4914052168025
"graR",44.5848850483349
"GPFGEMDG_02295",55.9935274035692
"GPFGEMDG_00391",76.2324168149129
"GPFGEMDG_01651",45.1958722278749
